1031174466;Nicol;Lorena;Maella ;Parra;1995-06-21;399dec8439a6d672fd92ea183f99e682;\N;1;\N
12342135213;Ajo;Tomaete;PiÃ±a;Cereza;1998-01-29;(4>9q;\N;3;2017-06-11
1600032140599;Gretchen;Janna;Mccray;Evans;1998-02-26;UWD99TPB6PM;Penatibus Et LLC;1;\N
1600072330999;Ariel;Ashely;Benton;Ramirez;1996-09-20;XXI49MEC5JL;Non Nisi Aenean Consulting;1;\N
1600112313399;Quyn;Rebecca;Ortiz;Stewart;1995-04-27;EMS11CWJ1IY;Aenean Sed LLC;1;\N
1602081548099;Denise;Patience;Atkins;Dominguez;1993-04-29;EOF50SRS7DA;Odio Sagittis Corp.;1;\N
1602120920199;Kylee;Hanna;Diaz;Wallace;1999-08-30;VWV85GCH0MR;Vivamus Consulting;1;\N
1603010433999;Abra;Zena;Stout;Deleon;1992-05-08;LCA51OMK3KU;Pede Et Risus Institute;1;\N
1605052037499;Iliana;Rosalyn;Delaney;Fleming;1996-01-27;XUP91ZXY1FP;Ipsum Corporation;1;\N
1606072561599;Kalia;Zoe;Everett;King;1995-10-12;FIB03HOQ6ZU;Dolor Quisque Foundation;1;\N
1607032664899;Chantale;Diana;Melton;Lindsay;1994-03-11;IYF43GUJ4RN;Nulla Eu Neque Inc.;1;\N
1608021707799;Denise;Veronica;Giles;Howell;1996-10-27;ZZQ75FLZ6JN;Facilisis Magna LLP;1;\N
1609080393299;Brenda;Michelle;Joyner;Stone;1990-06-24;PDE34ARW3GD;Donec Consulting;1;\N
1610122573899;Serena;Unity;Beard;David;1994-04-09;SKM13NKJ5EM;Pede Consulting;1;\N
1611012149999;Kessie;Hedda;Robertson;Pace;1995-11-08;ZXO52JNG4PV;Eu Neque Foundation;1;\N
1616110563599;Daphne;Ava;Johnson;Walls;1992-07-11;VFS24TEL8MC;Tristique Company;1;\N
1617070797699;Madison;Sarah;Beach;Walls;1991-01-19;UVO65FSC9UC;Nisl Corp.;1;\N
1619012900899;Lenore;Iliana;Kirkland;Rodgers;1995-11-22;IGW59YND0FH;A Ultricies Inc.;1;\N
1620021257999;Minerva;Holly;Patton;Levine;1998-07-20;YVQ34QPD3DX;Mollis Company;1;\N
1620070122399;Dominique;Aphrodite;Perez;Bell;1998-08-07;DHO55EBJ4YS;Eleifend Egestas Institute;1;\N
1624070236699;Evelyn;Lisandra;Moon;Mckay;1991-09-10;JJW57UII7TG;Amet Risus Donec Limited;1;\N
1625122186199;Aubrey;Virginia;Deleon;Mason;1996-11-25;NNR25LDT3TT;Condimentum PC;1;\N
1626052311299;Mona;TaShya;Wooten;Clements;1998-06-02;JYB07IFL6HJ;Donec Luctus Institute;1;\N
1628112079399;Rebekah;Isadora;Mann;Abbott;1995-04-24;ZSD58LJR0RU;Augue Porttitor Interdum Corp.;1;\N
1631030680699;Lesley;Kylee;Clark;Acevedo;1997-08-26;WTH59JBK4CM;Non Nisi Institute;1;\N
1632031299399;Illiana;Eve;Martin;Swanson;1996-03-27;TZH91FRD5RI;Fermentum Arcu Vestibulum Incorporated;1;\N
1633070177799;Brenna;Autumn;Harper;Charles;1996-07-01;SWP76UXG9XM;Cursus Industries;1;\N
1634011459899;Avye;Kaye;Frank;Church;1998-07-12;LEM36UNR9QG;Iaculis Aliquet Diam Corp.;1;\N
1635010473799;Melissa;Erin;Austin;Guy;1992-12-07;RUB10ZLJ7CE;Fermentum Limited;1;\N
1635050159199;Guinevere;Vanna;Mckinney;Morton;1994-10-17;BYO82RUL7AN;Nullam Velit Company;1;\N
1635081917699;MacKenzie;Desirae;Rojas;Salas;1999-02-01;TOD90NVJ1OX;Sociis Natoque Consulting;1;\N
1636110154999;Clio;Sierra;Winters;Zimmerman;1993-10-03;UPE65RTB1GG;Ac Corp.;1;\N
1638021692099;Judith;Lysandra;Rodriquez;Mcdowell;1999-07-24;GIB10SSR9PH;Orci Corp.;1;\N
1638072795999;Regan;Lael;Coffey;Mcdaniel;1999-03-28;BCS05BRE6NK;Erat Neque Non Foundation;1;\N
1640062455699;Regina;Leandra;Carrillo;Lott;1993-05-21;JWB65PAS4MN;Consectetuer Mauris Id Corporation;1;\N
1643051588399;Hanna;Oprah;Nieves;Collins;1993-10-04;KVA93YSY7UH;Arcu Company;1;\N
1643062018899;Zephr;Charlotte;Torres;Pennington;1993-01-26;RHD05REW2SV;Integer In Industries;1;\N
1644032003999;Kylee;Giselle;Franco;Rodriquez;1996-04-21;PJO11PZK8GC;Pharetra Felis Eget LLC;1;\N
1644050781999;Leah;Adara;Blackburn;Mcdonald;1990-09-22;NBK75FSV4WU;Libero Corporation;1;\N
1644071024399;Kathleen;April;Wilkins;Singleton;1993-02-12;WEI55QMB1OO;Integer In Ltd;1;\N
1644110404799;Xyla;Ivory;Arnold;Barnes;1991-12-11;SNX46OLI6TA;Dui Nec Tempus Company;1;\N
1646012369599;Uta;Denise;Guthrie;Burnett;1996-06-27;PPA99HZW3IY;Imperdiet Non Vestibulum Company;1;\N
1646061457799;Hollee;MacKensie;Whitney;Woods;1993-04-04;BQJ80DUI4RZ;Eget Volutpat Foundation;1;\N
1646062955099;Quincy;Inga;Britt;Drake;1999-08-01;MBN38DZU8JS;Accumsan Sed Facilisis Associates;1;\N
1647062147599;Maggie;Natalie;Booth;Berry;1997-10-08;VXY08KCW7UY;Quam Ltd;1;\N
1647072657899;Raya;Kessie;Hines;Hull;1996-02-18;ZRX71GTH6BK;Sem Vitae Aliquam Company;1;\N
1647082077799;Sydney;Alexandra;Black;Combs;1993-09-17;NKK14IJB2JK;Per Inceptos Hymenaeos PC;1;\N
1647112505399;Basia;Myra;Davenport;Hernandez;1998-04-06;KQX27EPY8WB;Quis Tristique Ac Incorporated;1;\N
1648031209799;Ursula;Charde;Huff;Glover;1993-08-02;IRY28WPZ7LU;At PC;1;\N
1649020833299;Blossom;Melissa;May;Koch;1992-11-27;AEX89MVL0RS;Molestie Associates;1;\N
1649051323699;Chelsea;Brianna;Paul;Bowen;1990-07-14;DUJ31IEU5PN;Risus Nunc Corporation;1;\N
1650043095299;Kylee;Nerea;Rosa;Sosa;1991-10-24;CWY43EHD1EF;Nec Orci Donec Company;1;\N
1652011895499;Gail;Robin;Ratliff;Stout;1994-11-13;WPM35ENA5AI;Ac Mi Eleifend LLC;1;\N
1652102652399;Hedy;Anjolie;Morton;Wright;1998-10-03;USL04XQP9US;Morbi Tristique Incorporated;1;\N
1653031551999;Fallon;Sloane;Henson;Calhoun;1997-03-03;HBM34OZK3SK;Metus Aliquam Erat Associates;1;\N
1653062792899;Caryn;Julie;Bernard;Church;1995-02-18;ZZG23AXP8PK;Cursus Nunc Industries;1;\N
1654041580999;Hadley;Aurora;Collier;Salas;1995-04-29;RML62KST6DT;Tempor Industries;1;\N
1654051030299;Keelie;Miriam;Crawford;Malone;1998-11-23;WWW70XJK6CH;Felis Purus Inc.;1;\N
1654082011399;Alexis;Kameko;Chen;Ball;1995-01-23;OUX14VXK8NB;Non Luctus Sit Associates;1;\N
1654082763799;Fallon;Winifred;Mays;Reed;1997-12-13;ELI39KIT0NF;Erat Eget Ipsum LLP;1;\N
1657072660599;Jillian;Zoe;Beard;Arnold;1993-06-17;TBE13OKD0ID;Lacinia At Corporation;1;\N
1657081443599;Fiona;Karyn;Mccall;Jordan;1994-05-15;SYU89EDU0MH;Gravida Sagittis Duis Limited;1;\N
1658051745199;Joan;Lana;Blake;Velez;1996-10-05;YPP87ADH1MO;Placerat Consulting;1;\N
1658081702699;Teegan;Dakota;Britt;Wynn;1991-05-05;QOT02BFW8GS;Dolor Egestas Rhoncus LLC;1;\N
1659020657099;Ina;Halla;Goodman;Stanton;1999-12-09;CWS57LYT5DQ;Vitae Velit Egestas Ltd;1;\N
1660090704299;Pascale;Noelle;Brooks;Munoz;1993-12-31;KWB85XXH4XA;Magna Nec Quam Foundation;1;\N
1661021815699;Alyssa;Ina;Ford;Oneil;1997-01-14;GNK87TXV5GR;Enim Gravida Sit Company;1;\N
1661041780599;Ruth;Farrah;Kennedy;Whitaker;1992-03-27;PBF35XJM6SQ;Luctus Company;1;\N
1662071657499;Xena;Keely;Hahn;Santiago;1998-04-01;SFT12ZVC4ZL;Suspendisse Tristique Neque Limited;1;\N
1662072498799;Naomi;Caryn;Wilder;Oneil;1992-09-21;REC97RDH1KB;Dignissim Tempor Arcu Corporation;1;\N
1663072618599;Vivian;Lael;Higgins;Duke;1995-02-16;BMI30DUM3JQ;Sit Corp.;1;\N
1664050261499;Tana;Rowan;Goodwin;Park;1993-02-15;WUG43NDO2RM;Nunc Industries;1;\N
1666082568399;Eden;Neve;Vang;Palmer;1995-06-03;NWX40WZR1PN;Tincidunt Company;1;\N
1667091232899;Taylor;Mallory;Ferrell;Chase;1999-03-17;OIE22AVX5HM;Rhoncus Associates;1;\N
1667113047799;Nevada;Ayanna;Molina;Oneill;1999-03-19;TLO65IOK3YU;Erat Nonummy Ultricies Ltd;1;\N
1667122476399;Darrel;Lillian;Woods;Santiago;1994-05-06;VDJ28CPK9YG;Sit Corp.;1;\N
1669040800199;Breanna;Stephanie;Hopkins;Anthony;1993-06-11;LGZ28ITK9RP;Vehicula Foundation;1;\N
1670091641899;Brielle;Ulla;Cain;Barker;1993-03-23;XGU04SUJ1WN;Imperdiet Erat Nonummy Ltd;1;\N
1670111517699;Melissa;Lysandra;Whitehead;Lang;1993-05-04;CSV62EBU6OW;Risus Industries;1;\N
1671032851499;Pearl;Neve;Beach;Fry;1993-07-01;CGO12LEF0LR;Faucibus Ltd;1;\N
1673052776899;Cara;Sandra;Talley;Fox;1998-07-21;SLM50DRB5QH;Aliquet Libero Industries;1;\N
1674022095199;Yetta;Maya;Justice;Hudson;1994-09-17;RFX92BJH2MJ;Tellus Incorporated;1;\N
1676061980799;Stella;Unity;Bray;Macias;1991-09-27;LSI23WRQ9ND;Mi Lorem Corporation;1;\N
1677080338899;Jescie;Kelsie;Robbins;Gilmore;1999-10-16;YXY91CPX8RI;Nulla Integer Vulputate Institute;1;\N
1678040526099;Cherokee;Jayme;Carr;Burks;1992-11-07;KCZ37JQU2KP;Elit Pellentesque Incorporated;1;\N
1679100511999;Tatum;Roanna;Woodard;Benton;1994-12-29;IGA13PQS1LM;Massa Associates;1;\N
1680011953799;Serena;Amethyst;Dillard;Ferrell;1994-03-25;DHC18ZUC9VW;Et Arcu Associates;1;\N
1683082403599;Deirdre;Ora;Holmes;Conway;1994-08-25;QLI99DKG8AL;Vel Turpis Corp.;1;\N
1684020282399;Xandra;Zenaida;Romero;Stout;1995-12-25;UQT54IPK0DO;Erat Eget Ipsum Limited;1;\N
1685030614099;Leslie;Kai;Donovan;Horne;1993-05-13;UGL16RNM8AV;Massa Suspendisse Inc.;1;\N
1687071412899;Kiayada;Gail;Decker;Powell;1999-01-10;ALW37ZJN8BF;Nibh Vulputate Mauris Corporation;1;\N
1688012500799;Clementine;Brianna;Wyatt;Harmon;1999-12-07;CNH03RXD6FO;Nec Leo Corporation;1;\N
1691102489599;Maya;Whilemina;Terry;Garrison;1993-12-12;GEO35EVP2ST;Phasellus Dolor Industries;1;\N
1692061225799;Nola;Brooke;Barber;Morin;1993-05-07;OUV44JOV2QH;Etiam Limited;1;\N
1692111185099;Rhiannon;Amy;Schultz;Herring;1997-11-09;SYG83PYH0GV;Eget Volutpat Ornare Corporation;1;\N
1693011923799;Alfreda;Renee;Levy;Fields;1995-02-15;WKP94LZI1AB;Risus Donec Foundation;1;\N
1693020964499;Jaquelyn;Naida;Hickman;Leblanc;1991-04-29;LWY38GTS4XI;Egestas Duis Ac PC;1;\N
1693063060799;Sierra;Whitney;Gardner;Mcgowan;1995-10-15;DRO63IKX0JU;Rutrum Industries;1;\N
1694111915199;Suki;Jescie;Thompson;Cantu;1996-07-10;AUI82JKC4FO;Amet Dapibus Id PC;1;\N
1697052772099;Heidi;Kalia;Hester;Robles;1994-04-25;HVJ43RVY4OE;Luctus Curabitur Ltd;1;\N
1698082293299;Meghan;Susan;Cox;Morgan;1997-08-31;TBN93DAI2KR;Quisque Varius Consulting;1;\N
1698113071199;Melinda;Melyssa;Morgan;Kelly;1999-08-06;IVT01RVV5AB;Duis Volutpat Nunc Institute;1;\N
